model,price,year,mileage,vol_engine,Power
147,9609.959183673469,2006.5714285714287,183155.14285714287,1716.2857142857142,118.87755102040816
159,18257.364130434784,2007.945652173913,230847.3260869565,2017.0108695652175,158.55978260869566
2,28927.71770334928,2011.846889952153,130943.67464114832,1413.267942583732,85.54066985645933
2008,61671.74336283186,2016.8738938053098,80460.69690265486,1298.725663716814,106.1924778761062
206,8078.824561403509,2006.5964912280701,164064.91228070174,1408.6842105263158,80.94736842105263
207,13373.15243902439,2008.4715447154472,169746.61585365853,1456.9837398373984,95.76626016260163
208,45478.26369168357,2016.8640973630831,73352.25963488844,1253.578093306288,93.04259634888439
3,47917.57256778309,2013.5199362041467,120137.16905901117,1869.4848484848485,130.7097288676236
3008,79855.31979030144,2015.8007863695937,120106.57273918742,1594.4927916120578,140.435124508519
300C,39528.56363636364,2009.290909090909,203625.9090909091,3707.018181818182,265.25454545454545
307,10219.852564102564,2006.025641025641,219240.75,1647.923076923077,111.09615384615384
308,43697.89210019268,2014.7658959537573,140441.45761078998,1540.7928709055877,122.52408477842003
3gt,111582.3018018018,2017.027027027027,111066.00450450451,2008.981981981982,185.25225225225225
407,12715.35,2006.7545454545455,229373.03181818183,1970.8227272727272,138.09545454545454
5,20670.251184834124,2008.7109004739336,193526.58293838863,1908.568720379147,130.8388625592417
500,48249.081027667984,2015.5415019762845,70587.16600790514,1024.9703557312253,80.94268774703558
5008,68566.5025,2014.85,158285.41,1703.8375,141.2225
500l,42348.87777777778,2015.2666666666667,95466.1,1344.7333333333333,102.18888888888888
500x,59282.1746031746,2016.952380952381,62634.74603174603,1487.5396825396826,127.47619047619048
508,64991.55400696864,2015.1602787456445,154869.13704994193,1802.8989547038327,153.9965156794425
5gt,79222.19047619047,2011.984126984127,221165.7619047619,2909.253968253968,267.85714285714283
6,52381.83273164862,2012.8543922984356,157809.1263537906,2109.309265944645,159.31407942238266
911,572121.6033057851,2014.8842975206612,53222.884297520664,3453.396694214876,438.11570247933884
Cayenne,231162.6692913386,2013.5013123359581,148609.656167979,3718.8477690288714,360.9212598425197
Cayman,138376.84615384616,2010.7692307692307,103845.0,2913.153846153846,285.38461538461536
Forester,60894.443478260866,2012.4782608695652,160264.7,2050.278260869565,173.5391304347826
GS,90177.57142857143,2011.9761904761904,169913.9880952381,2988.8571428571427,269.75
Grand-Voyager,25671.272727272728,2007.909090909091,238573.13636363635,3029.818181818182,167.0
IS,79441.58914728682,2012.6666666666667,135904.53488372092,2417.813953488372,224.45736434108528
Impreza,41508.32530120482,2009.6506024096386,156872.18072289156,2070.89156626506,182.87951807228916
LS,183620.29333333333,2012.4266666666667,156116.4,4276.093333333333,372.6
Legacy,25537.596153846152,2009.0,218136.53846153847,2161.1826923076924,163.79807692307693
Model-3,203824.65625,2020.1875,31009.21875,0.0,396.59375
Model-S,201986.09677419355,2015.967741935484,129574.93548387097,0.0,449.3225806451613
Model-X,309898.06666666665,2017.9333333333334,71925.53333333334,0.0,507.06666666666666
NX,149701.29834254144,2017.6187845303868,68772.29281767955,2211.767955801105,208.58011049723757
Outback,75898.6724137931,2013.6293103448277,154213.6551724138,2534.75,182.27586206896552
Pacifica,128192.19672131147,2018.188524590164,72909.86885245901,3605.188524590164,286.9016393442623
Panamera,361483.89497716894,2015.7945205479452,98565.87671232877,3844.1917808219177,421.1506849315069
RC,165467.40625,2016.84375,66067.40625,3080.34375,325.25
RX,168415.9189189189,2015.2432432432433,110807.57432432432,2999.9594594594596,251.22972972972974
Taycan,700346.234375,2021.34375,4231.921875,0.0,592.3125
UX,152871.59375,2020.3125,17416.78125,1987.0,167.875
Voyager,11816.0,2006.1333333333334,260818.53333333333,2602.6666666666665,147.8
WRX,134138.86666666667,2015.8666666666666,75598.76666666666,2420.6,299.6666666666667
XV,86879.1746031746,2017.3015873015872,76624.15873015873,1913.873015873016,143.11111111111111
a-klasa,94375.34019204389,2014.6104252400548,103600.69958847736,1702.9355281207133,165.86556927297667
a1,67485.21875,2015.8515625,86630.15625,1305.5390625,111.609375
a3,50333.18629407851,2011.6407185628743,171717.39654025284,1738.8176979374584,135.7564870259481
a4,68022.19812030075,2012.3575187969925,181926.5120300752,1998.7233082706766,166.66654135338345
a4-allroad,143892.14375,2017.01875,111622.875,2035.5375,205.18125
a5,115941.62602459016,2014.907786885246,132713.5737704918,2130.4784836065573,202.9969262295082
a6,144090.2946902655,2015.1097345132744,143238.90619469027,2363.905309734513,220.16637168141594
accord,36185.78965517241,2009.1758620689654,206147.87931034484,2126.7241379310344,166.42758620689656
adam,32512.285714285714,2014.968253968254,88066.60317460318,1310.3968253968253,85.07936507936508
agila,14018.808510638299,2008.8936170212767,143728.31914893616,1116.7021276595744,74.44680851063829
alhambra,57180.50793650794,2012.3015873015872,199593.99206349207,1878.2539682539682,147.79365079365078
almera,7121.111111111111,2005.3333333333333,209135.33333333334,1497.0,98.0
altea,17848.090909090908,2007.7792207792209,195310.37662337662,1653.9415584415585,111.77922077922078
altea-xl,20967.91390728477,2009.158940397351,204254.33774834438,1723.2847682119204,120.94039735099338
amarok,119115.46875,2014.59375,155630.59375,2313.40625,186.75
amg-gt,589995.546875,2019.453125,30284.875,3505.859375,481.546875
ampera,85033.42857142857,2015.857142857143,93678.28571428571,941.7142857142857,162.57142857142858
antara,28884.2109375,2009.109375,191977.0078125,2145.140625,154.890625
arkana,140242.9375,2021.6328125,710.28125,1419.9140625,137.25
arona,88102.78205128205,2019.7564102564102,32954.570512820515,1063.6602564102564,110.03205128205128
arteon,185886.03131991051,2020.2080536912752,43086.74049217002,1919.0738255033557,195.0917225950783
astra,33562.40577385726,2012.5004009623096,158457.7064955894,1549.9077786688051,124.38171611868485
asx,52419.65579710145,2014.358695652174,125900.51449275362,1708.3260869565217,128.43115942028984
ateca,136840.01069518717,2020.3155080213903,34533.85561497326,1628.0,157.3048128342246
auris,47000.319107662464,2013.6857419980602,140349.29970902036,1584.184287099903,113.28806983511154
avensis,43736.865795724465,2012.0688836104514,181345.81828978623,1920.3266033254156,139.31710213776722
aveo,14912.17679558011,2010.0386740331492,132653.55248618784,1260.8950276243095,86.34254143646409
aygo,34868.078167115906,2015.4285714285713,75637.29649595688,1002.3584905660377,70.04582210242587
b-klasa,44827.37971014493,2011.1855072463768,164686.37971014492,1760.3942028985507,124.49565217391304
b-max,31448.705263157895,2013.8105263157895,118416.14736842105,1242.2631578947369,99.28421052631579
beetle,48649.39215686275,2014.0196078431372,119749.80392156863,1733.3529411764705,136.37254901960785
berlingo,38012.19749216301,2013.062695924765,171674.64576802508,1536.692789968652,98.82758620689656
bravo,17026.752032520326,2008.7764227642276,191216.13821138212,1529.6097560975609,117.1951219512195
c-hr,111153.77142857143,2019.320634920635,37701.39682539683,1705.815873015873,121.27936507936508
c-klasa,99744.94660894662,2013.1789321789322,150133.4797979798,2203.8679653679656,202.33477633477634
c-max,29400.43021032505,2011.4493307839389,172785.87189292544,1590.4435946462715,122.02485659655832
c3-aircross,76299.47368421052,2020.0210526315789,26922.43157894737,1238.821052631579,109.62105263157895
c3-picasso,22180.65873015873,2011.3333333333333,150169.46825396825,1481.8095238095239,101.18253968253968
c30,19832.11111111111,2008.515873015873,208032.59523809524,1728.1031746031747,122.2936507936508
c4-cactus,43424.75396825397,2016.2777777777778,94086.6507936508,1299.7301587301588,95.26984126984127
c4-grand-picasso,31532.036734693876,2011.6408163265305,192855.24489795917,1749.277551020408,131.9061224489796
c4-picasso,29429.67238095238,2011.7561904761906,182165.62666666668,1652.7904761904763,124.08
c5,27907.683686176835,2010.4022415940224,212836.98381070985,1949.1444582814445,147.6450809464508
c5-aircross,140264.679245283,2021.0503144654087,17608.64150943396,1481.7106918238994,150.73584905660377
caddy,72967.49874055416,2015.4256926952141,154176.21662468513,1776.7657430730478,103.66750629722922
california,357493.68,2021.696,6097.008,1939.456,170.112
camaro,116117.36363636363,2016.0495867768595,84573.61157024793,4432.231404958678,370.7107438016529
camry,114404.24137931035,2018.3620689655172,60241.793103448275,2477.7413793103447,183.5
captur,58916.658969804615,2017.1722912966252,63017.98046181172,1135.3445825932504,103.25044404973357
caravelle,125142.69135802469,2014.679012345679,190642.19753086418,2051.641975308642,150.97530864197532
carens,32198.116666666665,2011.6166666666666,168160.09166666667,1808.025,134.75
cc,52162.357142857145,2012.8492063492063,172099.11111111112,1931.063492063492,177.11111111111111
ceed,46451.28084252758,2014.6589769307923,130159.15747241725,1487.60481444333,118.40421263791374
citan,111728.20634920635,2019.4444444444443,47071.36507936508,1426.015873015873,104.14285714285714
citigo,31324.698924731183,2016.3548387096773,87452.37096774194,998.9569892473119,64.1236559139785
civic,43504.38556933484,2011.5197294250281,144374.7519729425,1669.0293122886133,140.58962795941375
cl-klasa,124878.3717948718,2008.2435897435898,140997.64102564103,5548.025641025641,457.20512820512823
cla-klasa,150998.17191283294,2018.2421307506054,61382.939467312346,1782.273607748184,210.2905569007264
clio,32588.027006751687,2014.4493623405851,108876.36984246061,1213.8439609902475,86.50937734433609
clk-klasa,42280.59210526316,2006.328947368421,215583.80263157896,2661.342105263158,209.48684210526315
cls-klasa,172855.1923076923,2012.6508875739646,140947.8047337278,3644.266272189349,334.6656804733728
clubman,84207.68589743589,2015.6923076923076,94935.14743589744,1708.1089743589744,149.42948717948718
colt,12041.454022988506,2007.9942528735633,164167.05747126436,1329.3620689655172,94.32758620689656
combo,48808.638655462186,2015.3529411764705,137434.7394957983,1408.6050420168067,100.38655462184875
cooper,61574.07720588235,2013.5073529411766,100869.01470588235,1556.577205882353,134.01470588235293
cooper-s,74027.06435643564,2014.1287128712872,93854.06930693069,1801.9752475247524,183.14851485148515
corolla,75123.15957446808,2017.3770685579195,74815.26359338062,1607.8652482269504,122.15602836879432
corolla-verso,19574.63888888889,2006.712962962963,210139.7685185185,1909.8055555555557,132.7685185185185
corsa,29675.097014925374,2013.2657864523537,121382.58151549942,1269.1607347876004,85.96670493685419
countryman,87654.68586387434,2015.6910994764398,88662.74345549739,1685.6335078534032,152.92670157068062
cr-v,82602.78444084279,2013.7244732576985,130654.98379254458,1959.967585089141,152.46191247974068
crafter,184892.25,2018.03125,120885.625,2031.625,154.65625
crossland-x,81539.51219512195,2020.4146341463415,23648.1393728223,1240.8885017421603,111.75261324041811
cruze,25220.709677419356,2011.5443548387098,168255.71774193548,1773.5766129032259,137.19758064516128
cx-3,75075.11336032388,2017.3562753036438,68963.45748987854,1938.3117408906883,127.1497975708502
cx-30,122443.90425531915,2020.6063829787233,12868.521276595744,2003.563829787234,155.19148936170214
cx-5,97953.4746716698,2017.1369606003752,91146.91744840525,2200.013133208255,172.3658536585366
cx-7,30091.433333333334,2008.7666666666667,216190.5,2249.7,226.23333333333332
cx-9,81456.796875,2014.296875,124018.5,3278.203125,265.0
doblo,46911.21965317919,2014.606936416185,147653.0809248555,1545.635838150289,103.09826589595376
ds3,28849.379032258064,2012.717741935484,125424.12096774194,1503.7983870967741,123.10483870967742
ds4,38683.10526315789,2013.5473684210526,146306.2210526316,1627.4315789473685,135.49473684210525
ds5,44909.03157894737,2013.8,169527.4,1885.6105263157895,157.90526315789472
e-klasa,142037.05654174884,2014.1972386587772,151455.45693622617,2467.6193293885603,230.31886916502302
eclipse-cross,151318.525,2020.225,19272.941666666666,2040.9333333333334,149.04166666666666
ecosport,73486.98648648648,2018.9504504504505,40315.69369369369,1104.0,125.07207207207207
edge,108952.625,2017.7,79420.84375,2197.3625,240.09375
elantra,86446.82113821138,2019.6097560975609,33840.47967479675,1597.560975609756,124.8780487804878
enyaq,244570.53125,2021.65625,607.46875,0.0,205.03125
eos,23389.71875,2007.9375,187938.0625,1858.59375,151.0625
escape,68564.312,2017.304,75277.616,1817.68,211.368
espace,55403.39160839161,2012.6818181818182,184491.2062937063,1826.090909090909,163.15034965034965
exeo,24938.41304347826,2010.3369565217392,200036.72826086957,1871.0217391304348,142.15217391304347
expert,69053.20338983051,2015.8474576271187,174836.89830508476,1782.3389830508474,124.47457627118644
explorer,216797.92727272728,2018.2727272727273,75679.83636363636,3162.4727272727273,337.5272727272727
f150,137148.44642857142,2015.1785714285713,129574.60714285714,4353.464285714285,371.26785714285717
fabia,35789.140167364014,2015.1115760111577,125415.04881450489,1182.8884239888423,84.75732217573221
fiesta,26671.245176848875,2012.3818327974277,131521.94051446946,1273.6993569131832,86.40353697749197
fluence,26099.354838709678,2012.4354838709678,162037.75806451612,1581.4032258064517,109.83870967741936
focus,37926.83771380893,2013.252816020025,159129.13308302045,1577.2052565707133,126.49812265331664
focus-c-max,15365.75,2007.1041666666667,213701.98958333334,1728.4791666666667,116.32291666666667
fox,7720.015625,2007.09375,158896.53125,1208.0625,56.65625
freemont,48778.33766233766,2013.1493506493507,185170.0,2124.474025974026,174.45454545454547
fusion,41461.99408284024,2013.4082840236686,136954.5976331361,1817.8757396449705,164.97633136094674
g-klasa,632825.5753424658,2016.4794520547946,60448.97260273973,4322.780821917808,479.06849315068496
galaxy,46990.70703125,2011.32421875,216789.984375,1961.09765625,150.06640625
giulia,189916.8401826484,2020.0913242009133,22782.680365296805,2079.648401826484,276.31963470319636
giulietta,38184.333333333336,2013.0277777777778,155025.39814814815,1578.0462962962963,140.97222222222223
gl-klasa,117763.90425531915,2011.1063829787233,195284.5744680851,3763.0425531914893,305.29787234042556
gla-klasa,126265.37155963303,2017.6926605504586,64518.71100917431,1802.1009174311926,196.4908256880734
glb-klasa,225919.25,2021.34375,7049.484375,1721.828125,199.125
glc-klasa,219047.84219269102,2019.1976744186047,49639.882059800664,2152.094684385382,218.2059800664452
gle-klasa,337593.70673076925,2019.53125,45626.70913461538,2729.0889423076924,307.7644230769231
glk-klasa,67269.28571428571,2011.3333333333333,210910.6507936508,2567.3968253968255,209.5079365079365
gls-klasa,413940.3015873016,2018.8095238095239,62659.76190476191,3442.3809523809523,376.46031746031747
golf,53433.78525382756,2013.684528605963,146912.6450443191,1616.158340048348,133.57453666398067
golf-plus,21435.41739130435,2008.0666666666666,192576.73623188405,1592.8057971014493,107.74782608695652
golf-sportsvan,60596.336842105266,2016.042105263158,105053.05263157895,1465.3578947368421,126.38947368421053
grand-c-max,37845.57324840764,2013.3566878980891,169317.21656050955,1598.1401273885351,128.81528662420382
grand-espace,25770.032786885247,2009.5409836065573,243528.29508196723,2095.2295081967213,164.18032786885246
grand-scenic,37068.54878048781,2012.5040650406504,171395.40650406503,1597.418699186992,126.21544715447155
grande-punto,12280.607287449393,2008.2307692307693,181853.27935222673,1339.2874493927125,80.7327935222672
grandland-x,118804.68161434977,2020.3677130044844,33112.224215246635,1339.0224215246637,142.34080717488789
hr-v,111755.5472636816,2019.2935323383085,36822.019900497515,1524.9203980099503,118.75621890547264
i10,28952.72972972973,2014.6702702702703,85509.11891891892,1089.0594594594595,72.01621621621622
i20,40199.71283095723,2016.0570264765784,88055.82892057026,1224.112016293279,85.72708757637474
i3,115666.1875,2017.125,47338.65625,80.875,170.90625
i30,47353.40768588137,2015.2255639097743,111868.9724310777,1457.5714285714287,112.11946532999164
i40,45780.73927392739,2013.8448844884488,171591.2508250825,1705.2409240924092,136.02310231023102
ibiza,27333.948783610755,2012.2663252240718,136137.00896286813,1285.8066581306018,87.70422535211267
id4,255704.5,2021.7916666666667,633.25,0.0,226.5
insignia,50906.44809769845,2013.893846876468,166907.3673085956,1874.8243306716768,162.60263034288397
ix20,34458.49723756906,2013.2486187845304,119170.69060773481,1473.745856353591,102.67403314917127
ix35,48385.819526627216,2012.4319526627219,153879.52810650886,1795.9201183431953,139.78846153846155
jazz,34351.114478114476,2011.3838383838383,126232.83501683502,1311.983164983165,91.8989898989899
jetta,38092.375,2012.5271739130435,165885.84239130435,1636.2282608695652,123.66847826086956
juke,53742.95570698467,2015.252129471891,90140.62521294718,1407.1413969335604,121.95741056218058
ka,15027.641025641025,2011.0128205128206,119779.60897435897,1245.25,69.85897435897436
kadjar,88697.92857142857,2018.642857142857,56261.36111111111,1365.0714285714287,133.375
kamiq,102741.1598173516,2021.5570776255709,4480.041095890411,1126.6027397260275,120.0958904109589
kangoo,28447.451923076922,2012.076923076923,169322.5673076923,1421.5384615384614,87.28846153846153
karl,23310.5625,2015.875,95181.625,999.03125,73.6875
karoq,188377.38461538462,2020.8506787330316,24021.452488687784,1715.1402714932126,147.9502262443439
kodiaq,155062.93063583816,2019.4971098265896,60987.67630057804,1866.7774566473988,175.08959537572255
koleos,77322.20634920635,2014.6560846560847,130824.27513227513,1966.962962962963,163.25925925925927
kona,99939.76605504587,2020.408256880734,19466.091743119265,1221.9036697247707,147.9908256880734
kuga,81647.69290231905,2015.747013352073,114064.41321152495,1862.2782853127196,156.08784258608574
laguna,21187.422174840085,2009.136460554371,210562.79957356077,1929.6119402985075,144.83582089552237
lancer,28198.817567567567,2010.1756756756756,173707.20945945947,1759.6148648648648,138.0472972972973
land-cruiser,173073.75,2014.0961538461538,151069.78205128206,3153.673076923077,202.76923076923077
leaf,113332.46666666666,2018.9333333333334,28036.733333333334,0.0,151.03333333333333
leon,49879.06469002696,2013.5696316262354,143413.739442947,1641.4330637915543,141.75651392632525
m-klasa,69025.50793650794,2009.329365079365,234140.30555555556,3373.373015873016,263.8333333333333
m2,241592.0625,2018.6875,34517.46875,2949.0,407.34375
m3,339311.52702702704,2017.2432432432433,53614.91891891892,3147.9594594594596,464.94594594594594
m4,432261.6947368421,2019.8842105263159,21075.2,2988.4315789473685,483.86315789473684
m5,432160.7415730337,2016.6629213483145,57375.8202247191,4483.224719101124,590.9101123595506
m8,846365.625,2021.3125,7844.03125,4395.0,620.3125
megane,44639.85537422622,2014.039954980304,128422.12099043331,1501.6989307822173,124.55149127743388
meriva,20839.822404371585,2009.73087431694,165800.60792349727,1477.4098360655737,109.64071038251366
micra,31661.39893617021,2014.095744680851,96340.49734042553,1168.093085106383,81.0186170212766
mito,20292.527472527472,2010.4835164835165,153066.94505494504,1369.043956043956,108.65934065934066
modus,10818.12925170068,2007.1496598639455,169926.08843537414,1326.3333333333333,87.6734693877551
mokka,64489.46153846154,2016.1412358133668,98072.32156368221,1444.219419924338,131.42875157629257
mondeo,48125.0336906585,2013.12404287902,186085.5844818785,1927.2016334864727,153.97600816743235
multivan,223863.0,2017.8498023715415,90509.4743083004,1927.7470355731225,168.47826086956522
murano,44096.1935483871,2010.1935483870968,168857.90322580645,3367.8709677419356,238.61290322580646
mustang,148942.86720867208,2016.520325203252,72773.50406504064,4207.569105691057,381.89159891598916
mustang-mach-e,327554.77777777775,2021.6984126984128,1149.6349206349207,1.5555555555555556,329.36507936507934
mx-5,92947.65217391304,2015.3478260869565,60044.17391304348,1926.2391304347825,159.30434782608697
new-beetle,22331.866666666665,2007.3555555555556,178488.33333333334,1737.4222222222222,110.53333333333333
note,19946.845454545455,2009.95,157344.28181818183,1392.459090909091,89.61363636363636
octavia,58304.404938271604,2015.0748971193416,157930.58436213993,1694.4839506172839,138.40905349794238
one,31751.638418079096,2011.0282485875707,132073.22598870058,1474.1525423728813,90.29378531073446
optima,72002.9344262295,2016.5573770491803,123452.24043715847,1756.2349726775956,158.96174863387978
orlando,29227.83606557377,2011.8032786885246,189260.62295081967,1864.0983606557377,144.68852459016392
outlander,61585.018461538464,2013.2984615384617,144320.80307692307,2091.587692307692,152.00923076923078
panda,20434.4,2011.5133333333333,127867.48333333334,1163.6766666666667,65.20666666666666
partner,34712.471482889734,2013.6311787072243,183110.82509505702,1565.7718631178707,94.58174904942966
passat,67937.7911791179,2014.5616561656166,172605.43699369938,1878.893789378938,159.54095409540955
passat-cc,35375.15873015873,2009.968253968254,212972.90476190476,1969.0,166.25396825396825
patrol,121033.33333333333,2010.4166666666667,166331.25,3936.3333333333335,228.58333333333334
phaeton,35162.458333333336,2008.125,274384.0833333333,3068.7916666666665,240.375
picanto,30073.707602339182,2014.2397660818713,83580.71929824562,1063.204678362573,70.4327485380117
polo,29015.48827292111,2011.7185501066099,134459.34008528784,1261.9307036247335,80.12153518123668
primera,8196.076923076924,2005.1538461538462,214783.76923076922,1837.6923076923076,120.92307692307692
prius,52321.0,2012.2096774193549,170931.90322580645,1696.0564516129032,94.33870967741936
pro-ceed,75988.9262295082,2016.6065573770493,81410.45901639345,1518.344262295082,146.48360655737704
proace-verso,183793.96875,2020.71875,31845.421875,1945.328125,154.34375
puma,110927.03278688525,2021.4754098360656,3848.344262295082,1048.0819672131147,131.88524590163934
punto,18523.66304347826,2011.141304347826,137885.14673913043,1314.2065217391305,74.97282608695652
punto-evo,18191.860215053763,2010.8709677419354,157953.81720430107,1304.8494623655913,80.36559139784946
q5,163008.21392532796,2016.9969727547932,95764.23612512613,2053.505549949546,205.70534813319878
q7,187013.07171314742,2014.7211155378486,146587.65537848606,3092.370517928287,269.95019920318725
q8,414268.875,2020.0703125,36991.671875,3040.1796875,312.578125
qashqai,64675.233502538074,2014.5431472081218,118496.01840101523,1533.0774111675128,130.40609137055839
qashqai-2,37712.95480225989,2010.723163841808,186110.27683615818,1802.3672316384182,132.71751412429379
r-klasa,40322.51612903226,2008.1935483870968,256053.03225806452,3150.1612903225805,236.83870967741936
ranger,141098.176,2017.448,90296.184,2467.352,188.88
rapid,42204.03203661327,2016.6407322654463,125278.28832951945,1248.9771167048054,100.85354691075514
rav4,90295.84537572254,2014.2702312138729,121067.03901734104,2204.8829479768788,160.378612716763
roomster,18520.18954248366,2009.562091503268,196107.4183006536,1445.7385620915034,89.75816993464052
rs-q3,330807.1875,2021.5,13863.9375,2480.0,400.0
rs3,270378.09375,2019.625,30761.28125,2480.625,396.71875
rs5,408591.5,2019.375,34728.75,3092.84375,451.375
rs6,562826.3333333334,2019.017543859649,48092.47368421053,4030.1403508771928,592.6315789473684
s-klasa,288170.24847560975,2013.5823170731708,141842.8780487805,3945.6600609756097,380.922256097561
s-max,48470.748411689965,2011.4650571791615,202955.44853875478,1986.0520965692504,156.52604828462515
s3,163350.5064935065,2017.7857142857142,60924.14935064935,1984.2857142857142,302.44805194805195
s40,18871.37,2007.52,220985.61,1854.48,129.16
s5,128209.8947368421,2014.0,110802.8947368421,3338.1263157894737,346.37894736842105
s60,72886.92924528301,2013.7051886792453,144566.83254716982,2113.627358490566,203.94575471698113
s8,466463.25423728814,2017.8305084745762,76892.18644067796,4056.0,559.3728813559322
s80,40737.6357615894,2009.6556291390727,226075.0132450331,2511.218543046358,206.53642384105962
santa-fe,98066.99152542373,2014.6440677966102,123037.2627118644,2136.8389830508477,187.4915254237288
scala,89717.73228346456,2020.7952755905512,20276.181102362203,1131.8267716535433,118.4251968503937
scenic,29841.782820097244,2011.6645056726095,163315.88978930307,1555.157212317666,120.6482982171799
scirocco,35147.2,2010.0166666666667,186578.35833333334,1654.4416666666666,165.275
seria-1,48368.71582435791,2011.6445733222868,158183.67605633804,1840.0074565037282,145.23529411764707
seria-2,143940.10144927536,2019.2512077294687,55704.432367149755,1843.4492753623188,176.93236714975845
seria-3,77790.20751822018,2012.710395090142,163738.97276563098,2130.8810893747604,185.70655926352129
seria-4,162994.9416058394,2017.5547445255474,80403.44282238443,2250.007299270073,246.9294403892944
seria-5,114125.50429585356,2013.6869630183041,171441.4755323123,2392.090026148674,225.8972730668659
seria-6,119664.89873417722,2012.0886075949368,141359.55063291139,3534.3860759493673,341.8607594936709
seria-7,284629.5735056543,2015.6558966074313,120185.0646203554,3485.8287560581584,352.4571890145396
seria-8,514315.0722891566,2020.6746987951808,16463.963855421687,3787.5060240963853,449.6385542168675
sharan,54213.885714285716,2011.4457142857143,214741.67428571428,1926.8628571428571,148.55428571428573
sienna,122756.58064516129,2016.3548387096773,88053.06451612903,3293.5,261.7741935483871
signum,13429.910447761195,2006.3432835820895,232490.1791044776,2073.776119402985,154.86567164179104
sl,235116.43859649124,2010.298245614035,90709.22807017544,4818.315789473684,410.70175438596493
slk-klasa,65977.41304347826,2008.9782608695652,123162.32608695653,2143.695652173913,196.43478260869566
sorento,94310.15492957746,2013.8098591549297,140392.54225352113,2268.1971830985917,190.29577464788733
soul,46218.265957446805,2013.0425531914893,138907.25531914894,1371.5851063829787,135.93617021276594
space-star,48727.43859649123,2019.6140350877192,21032.385964912282,1143.5555555555557,72.25146198830409
sportage,70864.31468023256,2014.8161337209303,117388.65552325582,1735.4469476744187,142.38008720930233
sprinter,112145.54385964913,2013.561403508772,227721.01754385966,2269.280701754386,153.56140350877192
sq5,281965.170212766,2018.7978723404256,61176.98936170213,2974.7978723404253,339.5425531914894
stinger,158119.88888888888,2019.0,43251.90476190476,2917.1428571428573,328.42857142857144
stonic,73289.75833333333,2019.8916666666667,28290.816666666666,1141.925,99.6
superb,102231.9374201788,2016.9699872286078,126562.75734355045,1903.874840357599,178.0344827586207
t-cross,105382.33684210526,2021.3578947368421,7603.336842105263,1188.6736842105263,123.95263157894736
t-roc,128135.4,2021.4071428571428,9277.512857142858,1466.7714285714285,148.60285714285715
talisman,81517.44047619047,2017.4166666666667,104990.42063492064,1632.8174603174602,155.45238095238096
thalia,15056.25,2009.5,116041.0625,1345.4375,84.3125
tigra,10195.48275862069,2005.8275862068965,166407.5172413793,1516.344827586207,100.84482758620689
tiguan,95636.33644859813,2015.6345794392523,117105.95327102803,1815.5654205607477,158.39439252336447
tiguan-allspace,158529.7619047619,2019.7777777777778,58887.555555555555,1891.888888888889,175.0952380952381
tipo,54737.31020408163,2018.812244897959,62430.92857142857,1315.9204081632654,100.51020408163265
toledo,30694.54117647059,2012.7764705882353,165565.82352941178,1500.0235294117647,107.16470588235295
touareg,135561.82300884955,2012.5,172903.54424778762,3141.7743362831857,262.79646017699116
touran,50415.865758754866,2012.2801556420234,188041.51556420233,1704.570038910506,129.1887159533074
tourneo-connect,66425.2131147541,2015.5901639344263,143385.0163934426,1537.0819672131147,109.72131147540983
tourneo-courier,45938.53125,2016.78125,124903.15625,1423.875,89.21875
tourneo-custom,196987.671875,2020.40625,36622.125,2008.328125,165.984375
trafic,78703.9104477612,2014.7114427860697,184362.3184079602,1888.18407960199,124.94029850746269
transit,82004.76623376623,2014.3636363636363,185788.85714285713,2135.4675324675327,124.05194805194805
transit-connect,67495.77777777778,2016.5714285714287,130358.07936507936,1550.079365079365,110.11111111111111
transit-custom,133637.11290322582,2018.5806451612902,106579.53225806452,2025.532258064516,132.43548387096774
transporter,87358.47674418605,2013.0523255813953,236203.26744186046,2021.7732558139535,125.98837209302326
tt,54390.57547169811,2009.9622641509434,156453.7358490566,2035.0471698113208,195.35849056603774
tucson,89743.13232514178,2016.803402646503,87284.0708884688,1723.5879017013233,145.91398865784498
twingo,15432.456790123457,2011.8024691358025,114521.42592592593,1123.9012345679012,74.03086419753086
up,41111.929824561405,2017.2491228070176,66289.5754385965,995.5017543859649,68.27719298245614
v-klasa,313027.20634920633,2019.7037037037037,53570.04761904762,2010.148148148148,205.74074074074073
v40,62602.99408284024,2015.8757396449705,140342.70019723865,1867.1656804733727,140.5463510848126
v50,18065.06796116505,2007.7313915857605,246595.8932038835,1896.6407766990292,133.7378640776699
v60,105553.38738738738,2016.672072072072,131355.57117117118,1958.6756756756756,179.5099099099099
v70,30199.701754385966,2009.3567251461989,261687.22222222222,2175.93567251462,166.1169590643275
v90,173341.5207373272,2018.2672811059908,102871.64055299539,1969.7142857142858,217.86175115207374
vectra,13518.9889298893,2006.5313653136532,246317.73800738007,1976.4575645756458,146.68265682656826
venga,32144.923387096773,2012.6895161290322,122613.52822580645,1463.967741935484,102.50806451612904
verso,41975.15343915344,2012.6349206349207,165424.60317460317,1822.164021164021,132.68253968253967
viano,62384.59259259259,2008.9259259259259,278597.48148148146,2706.777777777778,190.62962962962962
vito,125259.46258503401,2015.4761904761904,156002.6462585034,1923.5102040816328,142.4625850340136
vivaro,64575.168539325845,2013.5280898876404,220162.9775280899,1807.7696629213483,123.0
x-trail,79984.15234375,2015.2109375,119448.41796875,1758.453125,150.91015625
x1,86424.86355140187,2015.0747663551401,129791.84112149532,1936.1551401869158,168.31028037383177
x2,165982.81012658228,2020.107594936709,34223.329113924054,1777.9177215189873,167.81012658227849
x3,127174.91605839416,2014.35401459854,134270.71441605838,2137.090328467153,200.27463503649636
x4,213725.7455357143,2018.3392857142858,67756.65625,2231.6428571428573,241.28125
x5,227122.3365695793,2015.9913700107875,117783.27508090615,2840.6763754045305,283.62783171521033
x5-m,460128.3359375,2018.640625,68354.7421875,3880.203125,517.7734375
x6,226246.1603773585,2015.3333333333333,126843.83018867925,3080.509433962264,307.1477987421384
x6-m,390463.5,2017.328125,92121.4375,3913.0625,517.25
x7,512095.453125,2020.984375,17767.40625,3189.109375,364.515625
xc-40,158042.40384615384,2019.7948717948718,44443.03846153846,1777.1410256410256,187.0448717948718
xc-60,138471.16612641816,2016.7350081037278,117040.41734197731,2092.2860615883305,206.54294975688816
xc-70,58157.3046875,2010.7421875,233527.171875,2486.6875,203.046875
xc-90,164620.94144144145,2015.2117117117118,134874.5518018018,2228.7432432432433,243.97072072072072
xceed,108041.53333333334,2021.1888888888889,15060.611111111111,1478.5333333333333,150.0222222222222
xsara-picasso,8382.983333333334,2006.4166666666667,203492.65,1634.5666666666666,107.4
yaris,43909.29708431836,2014.4586288416076,104193.6524822695,1308.49487785658,93.46493301812451
yeti,39839.312,2012.6,171441.72,1632.504,124.152
zafira,33377.8130489335,2011.0376411543286,192358.57089084067,1764.4178168130488,137.37139272271017
zoe,92888.39130434782,2019.0434782608695,20709.565217391304,0.0,112.6086956521739
